<?xml version="1.0" encoding="UTF-8"?>
<beans xmlns="http://www.springframework.org/schema/beans"  
		xmlns:xsi="http://www.w3.org/2001/XMLSchema-instance"  
		xmlns:context="http://www.springframework.org/schema/context"
		xmlns:tx="http://www.springframework.org/schema/tx"
		xsi:schemaLocation="http://www.springframework.org/schema/beans  
		http://www.springframework.org/schema/beans/spring-beans.xsd
		http://www.springframework.org/schema/context
		http://www.springframework.org/schema/context/spring-context.xsd
		http://www.springframework.org/schema/tx
	   http://www.springframework.org/schema/tx/spring-tx.xsd">

	<bean id="infoService" class="org.niit.services.InfoService" />

	<bean id="demoBefore" class="org.niit.interceptor.DemoBeforeMethod" />

	<bean id="infoProxy" 
		class="org.springframework.aop.framework.ProxyFactoryBean">
		<property name="target" ref="infoService" />
		<property name="interceptorNames">
			<list>
				<value>demoBefore</value>
			</list>
		</property>
	</bean>

	<bean id="dataSource" class="com.mchange.v2.c3p0.ComboPooledDataSource" destroy-method="close">
        <property name="driverClass" value="com.mysql.cj.jdbc.Driver" />
        <property name="jdbcUrl" value="jdbc:mysql://localhost:3306/db04?useSSL=false&amp;serverTimezone=UTC" />
        <property name="user" value="root" />
        <property name="password" value="llil1988" />
        <property name="acquireIncrement" value="5"></property>
        <property name="initialPoolSize" value="10"></property>
        <property name="minPoolSize" value="5"></property>
        <property name="maxPoolSize" value="20"></property>
    </bean>
    
    <bean id="sqlSessionFactory" class="org.mybatis.spring.SqlSessionFactoryBean">
	  <property name="dataSource" ref="dataSource" />
	  <property name="mapperLocations" value="classpath:org/niit/mappers/*.xml" />
	</bean>
    
    <bean class="org.mybatis.spring.mapper.MapperScannerConfigurer">
		<property name="sqlSessionFactoryBeanName" value="sqlSessionFactory" />
	  	<property name="basePackage" value="org.niit.mapping" />
	</bean>
	
	<bean id="transactionManager"  
        class="org.springframework.jdbc.datasource.DataSourceTransactionManager">  
        <property name="dataSource" ref="dataSource" />  
    </bean>
    <tx:annotation-driven transaction-manager="transactionManager"/>




</beans>