<?xml version="1.0" encoding="UTF-8"?>
<!DOCTYPE configuration
  PUBLIC "-//mybatis.org//DTD Config 3.0//EN"
  "http://mybatis.org/dtd/mybatis-3-config.dtd">
<configuration>
	
	<!-- <settings>
	
	</settings> -->
	<environments default="develop">
		<environment id="develop">
			<transactionManager type="JDBC"></transactionManager>
			<dataSource type="POOLED">
				<property name="driver" value="com.mysql.cj.jdbc.Driver" />
				<property name="url" value="jdbc:mysql://localhost:3306/db04?serverTimezone=UTC&#38;useSSL=false" />
				<property name="username" value="root" />
				<property name="password" value="root" />
			</dataSource>
		</environment>
	</environments>
	
	<mappers>
		<mapper resource="org/niit/mappers/usermapper.xml" />
	</mappers>
	
</configuration>